protocol,t,df_max,df_r,ret_mean,ret_min,cr_acc,test_mean,asr_max,retained,forget
none,0,0.8161,0.7955,0.9793,0.9345,0.9979,0.5154,0.0051,4,5
none,1,0.8211,0.7957,0.9839,0.9488,0.9986,0.5239,0.0051,4,5
none,2,0.8161,0.7984,0.9860,0.9508,0.9987,0.5262,0.0061,4,5
none,3,0.8203,0.8012,0.9867,0.9513,0.9991,0.5340,0.0031,4,5
none,4,0.8184,0.8010,0.9878,0.9529,0.9992,0.5343,0.0041,4,5
none,5,0.8142,0.8018,0.9886,0.9549,0.9994,0.5410,0.0041,4,5
none,6,0.8143,0.8027,0.9900,0.9589,0.9996,0.5439,0.0051,4,5
none,7,0.8142,0.8030,0.9907,0.9589,0.9996,0.5488,0.0051,4,5
none,8,0.8158,0.8067,0.9914,0.9630,0.9997,0.5532,0.0051,4,5
none,9,0.8140,0.8066,0.9923,0.9660,1.0000,0.5578,0.0051,4,5
none,10,0.8090,0.8070,0.9925,0.9640,1.0000,0.5608,0.0051,4,5
none,11,0.8098,0.8083,0.9930,0.9671,1.0000,0.5641,0.0051,4,5
none,12,0.8091,0.8077,0.9935,0.9716,1.0000,0.5675,0.0061,4,5
none,13,0.8095,0.8095,0.9942,0.9736,1.0000,0.5720,0.0061,4,5
none,14,0.8096,0.8096,0.9943,0.9731,1.0000,0.5761,0.0051,4,5
none,15,0.8114,0.8096,0.9947,0.9747,1.0000,0.5776,0.0051,4,5
none,16,0.8114,0.8114,0.9951,0.9772,1.0000,0.5817,0.0051,4,5
none,17,0.8117,0.8117,0.9956,0.9797,1.0000,0.5837,0.0051,4,5
none,18,0.8129,0.8129,0.9961,0.9848,1.0000,0.5900,0.0051,4,5
none,19,0.8124,0.8124,0.9959,0.9807,1.0000,0.5918,0.0051,4,5
none,20,0.8129,0.8129,0.9964,0.9838,1.0000,0.5943,0.0051,4,5
pair_adopt,0,0.7926,0.7926,0.2628,0.0061,0.9945,0.2397,0.4082,4,5
pair_adopt,1,0.8020,0.8020,0.3960,0.0279,0.9852,0.3275,0.2765,4,5
pair_adopt,2,0.8069,0.8069,0.4760,0.0340,0.9864,0.3569,0.3122,4,5
pair_adopt,3,0.8091,0.8091,0.5246,0.0431,0.9855,0.3726,0.3673,4,5
pair_adopt,4,0.8090,0.8090,0.5840,0.0461,0.9848,0.3908,0.3755,4,5
pair_adopt,5,0.8104,0.8104,0.6341,0.0532,0.9857,0.4114,0.4061,4,5
pair_adopt,6,0.8140,0.8140,0.6694,0.0694,0.9878,0.4285,0.3643,4,5
pair_adopt,7,0.8184,0.8184,0.7018,0.0953,0.9890,0.4422,0.3980,4,5
pair_adopt,8,0.8203,0.8203,0.7272,0.1277,0.9913,0.4511,0.4133,4,5
pair_adopt,9,0.8215,0.8215,0.7557,0.2164,0.9922,0.4613,0.3786,4,5
pair_adopt,10,0.8233,0.8233,0.7800,0.2985,0.9926,0.4687,0.3531,4,5
pair_adopt,11,0.8229,0.8229,0.8102,0.4055,0.9928,0.4769,0.3235,4,5
pair_adopt,12,0.8229,0.8229,0.8319,0.4896,0.9935,0.4861,0.2837,4,5
pair_adopt,13,0.8239,0.8239,0.8533,0.5859,0.9940,0.4953,0.2480,4,5
pair_adopt,14,0.8244,0.8244,0.8679,0.6412,0.9943,0.5015,0.2398,4,5
pair_adopt,15,0.8250,0.8250,0.8816,0.6944,0.9948,0.5093,0.2224,4,5
pair_adopt,16,0.8252,0.8252,0.8921,0.7228,0.9947,0.5136,0.2194,4,5
pair_adopt,17,0.8258,0.8258,0.9036,0.7587,0.9948,0.5201,0.1918,4,5
pair_adopt,18,0.8258,0.8258,0.9120,0.7681,0.9949,0.5261,0.1786,4,5
pair_adopt,19,0.8268,0.8268,0.9198,0.7863,0.9947,0.5337,0.1806,4,5
pair_adopt,20,0.8296,0.8296,0.9252,0.8103,0.9956,0.5388,0.1561,4,5
all_pairs_avg,0,0.0036,0.0036,0.1314,0.0000,0.1019,0.0998,0.0000,4,5
all_pairs_avg,1,0.5249,0.5249,0.3664,0.0487,0.6456,0.2472,0.6531,4,5
all_pairs_avg,2,0.7770,0.7770,0.5551,0.0841,0.9700,0.4093,0.0112,4,5
all_pairs_avg,3,0.7838,0.7838,0.6318,0.1353,0.9752,0.4786,0.0000,4,5
all_pairs_avg,4,0.7908,0.7908,0.7084,0.1718,0.9791,0.5097,0.0010,4,5
all_pairs_avg,5,0.7942,0.7942,0.7486,0.1946,0.9814,0.5263,0.0010,4,5
all_pairs_avg,6,0.8001,0.8001,0.7805,0.2833,0.9855,0.5370,0.0000,4,5
all_pairs_avg,7,0.8036,0.8036,0.8039,0.3543,0.9880,0.5455,0.0010,4,5
all_pairs_avg,8,0.8036,0.8036,0.8254,0.4364,0.9885,0.5531,0.0010,4,5
all_pairs_avg,9,0.8088,0.8088,0.8457,0.5226,0.9909,0.5603,0.0010,4,5
all_pairs_avg,10,0.8080,0.8080,0.8638,0.6031,0.9896,0.5677,0.0010,4,5
all_pairs_avg,11,0.8132,0.8132,0.8818,0.6645,0.9908,0.5765,0.0010,4,5
all_pairs_avg,12,0.8143,0.8143,0.8912,0.7091,0.9923,0.5798,0.0010,4,5
all_pairs_avg,13,0.8164,0.8164,0.9030,0.7440,0.9926,0.5852,0.0010,4,5
all_pairs_avg,14,0.8166,0.8166,0.9125,0.7729,0.9932,0.5898,0.0020,4,5
all_pairs_avg,15,0.8179,0.8179,0.9180,0.7841,0.9937,0.5920,0.0020,4,5
all_pairs_avg,16,0.8182,0.8182,0.9266,0.8013,0.9943,0.5985,0.0020,4,5
all_pairs_avg,17,0.8187,0.8187,0.9332,0.8221,0.9944,0.6056,0.0020,4,5
all_pairs_avg,18,0.8195,0.8195,0.9383,0.8338,0.9954,0.6088,0.0020,4,5
all_pairs_avg,19,0.8182,0.8182,0.9420,0.8332,0.9953,0.6157,0.0020,4,5
all_pairs_avg,20,0.8187,0.8187,0.9452,0.8444,0.9947,0.6142,0.0020,4,5
all_pairs_shared,0,0.4728,0.0196,0.4676,0.0950,0.0950,0.2768,0.0000,4,5
all_pairs_shared,1,0.7337,0.3465,0.6849,0.1169,0.7048,0.3885,0.0031,4,5
all_pairs_shared,2,0.7701,0.6347,0.7671,0.3449,0.8582,0.4471,0.0071,4,5
all_pairs_shared,3,0.7826,0.7728,0.8133,0.4751,0.9514,0.4731,0.0061,4,5
all_pairs_shared,4,0.7994,0.7994,0.8395,0.4882,0.9774,0.4882,0.0061,4,5
all_pairs_shared,5,0.8056,0.8056,0.8565,0.5021,0.9849,0.4956,0.0061,4,5
all_pairs_shared,6,0.8064,0.8064,0.8723,0.5451,0.9881,0.5076,0.0051,4,5
all_pairs_shared,7,0.8069,0.8069,0.8880,0.5877,0.9890,0.5142,0.0051,4,5
all_pairs_shared,8,0.8075,0.8075,0.8990,0.6113,0.9900,0.5205,0.0041,4,5
all_pairs_shared,9,0.8070,0.8070,0.9082,0.6345,0.9906,0.5257,0.0031,4,5
all_pairs_shared,10,0.8077,0.8077,0.9153,0.6484,0.9917,0.5282,0.0031,4,5
all_pairs_shared,11,0.8078,0.8078,0.9224,0.6682,0.9929,0.5298,0.0020,4,5
all_pairs_shared,12,0.8075,0.8075,0.9328,0.7201,0.9932,0.5353,0.0010,4,5
all_pairs_shared,13,0.8078,0.8078,0.9426,0.7656,0.9936,0.5425,0.0010,4,5
all_pairs_shared,14,0.8078,0.8078,0.9491,0.8023,0.9942,0.5428,0.0010,4,5
all_pairs_shared,15,0.8085,0.8085,0.9552,0.8326,0.9944,0.5448,0.0010,4,5
all_pairs_shared,16,0.8077,0.8077,0.9603,0.8621,0.9950,0.5481,0.0010,4,5
all_pairs_shared,17,0.8074,0.8074,0.9640,0.8874,0.9950,0.5468,0.0010,4,5
all_pairs_shared,18,0.8082,0.8082,0.9685,0.9127,0.9950,0.5524,0.0010,4,5
all_pairs_shared,19,0.8090,0.8090,0.9704,0.9233,0.9953,0.5568,0.0010,4,5
all_pairs_shared,20,0.8104,0.8104,0.9741,0.9372,0.9957,0.5617,0.0010,4,5
fed_distill,0,0.7967,0.7967,0.9046,0.6332,0.9819,0.4600,0.3265,4,5
fed_distill,1,0.8018,0.8018,0.9142,0.6353,0.9878,0.4758,0.1439,4,5
fed_distill,2,0.8020,0.8020,0.9192,0.6412,0.9885,0.4836,0.1051,4,5
fed_distill,3,0.8036,0.8036,0.9239,0.6454,0.9892,0.4902,0.1061,4,5
fed_distill,4,0.8053,0.8053,0.9274,0.6463,0.9904,0.4964,0.1112,4,5
fed_distill,5,0.8059,0.8059,0.9308,0.6535,0.9915,0.5042,0.0969,4,5
fed_distill,6,0.8064,0.8064,0.9337,0.6543,0.9943,0.5107,0.0980,4,5
fed_distill,7,0.8072,0.8072,0.9362,0.6615,0.9938,0.5164,0.1051,4,5
fed_distill,8,0.8078,0.8078,0.9386,0.6665,0.9937,0.5215,0.1163,4,5
fed_distill,9,0.8090,0.8090,0.9410,0.6712,0.9941,0.5285,0.1214,4,5
fed_distill,10,0.8096,0.8096,0.9434,0.6800,0.9944,0.5349,0.1204,4,5
fed_distill,11,0.8098,0.8098,0.9456,0.6939,0.9931,0.5447,0.1000,4,5
fed_distill,12,0.8098,0.8098,0.9515,0.7281,0.9956,0.5527,0.0949,4,5
fed_distill,13,0.8096,0.8096,0.9560,0.7559,0.9958,0.5585,0.0939,4,5
fed_distill,14,0.8104,0.8104,0.9600,0.7837,0.9963,0.5617,0.0980,4,5
fed_distill,15,0.8106,0.8106,0.9645,0.8132,0.9966,0.5688,0.1010,4,5
fed_distill,16,0.8116,0.8116,0.9687,0.8381,0.9966,0.5763,0.0949,4,5
fed_distill,17,0.8119,0.8119,0.9740,0.8752,0.9972,0.5808,0.0888,4,5
fed_distill,18,0.8124,0.8124,0.9770,0.8849,0.9966,0.5855,0.0939,4,5
fed_distill,19,0.8122,0.8122,0.9806,0.9026,0.9966,0.5935,0.1031,4,5
fed_distill,20,0.8124,0.8124,0.9828,0.9199,0.9966,0.5967,0.1010,4,5
retrain,0,0.8027,0.8027,0.9785,0.9336,0.9977,0.4770,0.0010,4,5
retrain,1,0.8025,0.8025,0.9801,0.9331,0.9986,0.4810,0.0010,4,5
retrain,2,0.8025,0.8025,0.9820,0.9417,0.9981,0.4859,0.0020,4,5
retrain,3,0.8028,0.8028,0.9832,0.9458,0.9976,0.4889,0.0010,4,5
retrain,4,0.8043,0.8043,0.9846,0.9503,0.9979,0.4948,0.0010,4,5
retrain,5,0.8041,0.8041,0.9862,0.9584,0.9985,0.5012,0.0010,4,5
retrain,6,0.8053,0.8053,0.9880,0.9671,0.9994,0.5053,0.0010,4,5
retrain,7,0.8078,0.8078,0.9887,0.9716,0.9995,0.5100,0.0010,4,5
retrain,8,0.8082,0.8082,0.9891,0.9726,0.9994,0.5155,0.0010,4,5
retrain,9,0.8083,0.8083,0.9900,0.9757,0.9994,0.5196,0.0010,4,5
retrain,10,0.8088,0.8088,0.9907,0.9777,0.9996,0.5234,0.0010,4,5
retrain,11,0.8095,0.8095,0.9912,0.9797,0.9995,0.5285,0.0010,4,5
retrain,12,0.8096,0.8096,0.9916,0.9809,0.9997,0.5338,0.0010,4,5
retrain,13,0.8108,0.8108,0.9922,0.9823,0.9996,0.5371,0.0010,4,5
retrain,14,0.8122,0.8122,0.9929,0.9844,0.9996,0.5438,0.0010,4,5
retrain,15,0.8129,0.8129,0.9934,0.9841,0.9997,0.5467,0.0010,4,5
retrain,16,0.8135,0.8135,0.9935,0.9848,0.9998,0.5501,0.0010,4,5
retrain,17,0.8129,0.8129,0.9939,0.9851,0.9998,0.5563,0.0010,4,5
retrain,18,0.8145,0.8145,0.9943,0.9869,0.9998,0.5602,0.0010,4,5
retrain,19,0.8143,0.8143,0.9948,0.9876,0.9998,0.5663,0.0010,4,5
retrain,20,0.8145,0.8145,0.9950,0.9883,1.0000,0.5680,0.0010,4,5
